--______________________________________________________________________________________________________
--INSERTAR DATA
--______________________________________________________________________________________________________

INSERT INTO HOTEL (ID_HT,NOMBRE,TIPO) VALUES (1,'Monte Deli','HOTEL');
INSERT INTO HOTEL (ID_HT,NOMBRE,TIPO) VALUES (2,'El Zorro','HOTEL');
INSERT INTO HOTEL (ID_HT,NOMBRE,TIPO) VALUES (3,'Crepusculo','HOTEL');
INSERT INTO HOTEL (ID_HT,NOMBRE,TIPO) VALUES (4,'MyHotel','HOTEL');
INSERT INTO HOTEL (ID_HT,NOMBRE,TIPO) VALUES (5,'Motel','HOTEL');
INSERT INTO HOTEL (ID_HT,NOMBRE,TIPO) VALUES (6,'Hotels','HOTEL');
INSERT INTO HOTEL (ID_HT,NOMBRE,TIPO) VALUES (7,'Salchica','HOTEL');
INSERT INTO HOTEL (ID_HT,NOMBRE,TIPO) VALUES (8,'Perrunchis','HOTEL');
INSERT INTO HOTEL (ID_HT,NOMBRE,TIPO) VALUES (9,'Arrunchis','HOTEL');
select * from propietarioinmueble;
--REVISAR INSERTS SOBRE DATE PARA SOLO TENER LA HORA. Ó SOLO OBTENER LA HORA.
INSERT INTO HOSTAL (ID_HS,NOMBRE,RECEPCION,HORACIERRE,HORAAPERTURA,TIPO) VALUES (1,'Rapid-in',1,
TO_DATE('11:05:00', 'HH:MI:SS'),TO_DATE('05:45:30', 'HH:MI:SS'),'HOSTAL');
INSERT INTO HOSTAL (ID_HS,NOMBRE,RECEPCION,HORACIERRE,HORAAPERTURA,TIPO) VALUES (2,'Adolfmir',0,
TO_DATE('10:29:00', 'HH:MI:SS'),TO_DATE('07:28:30', 'HH:MI:SS'),'HOSTAL');

INSERT INTO PROPIETARIOINMUEBLE (ID_PI,NOMBRE,VINCULO,TIPO) VALUES (1,'Jonnas Brother','EGRESADO','PERSONANAT');
INSERT INTO PROPIETARIOINMUEBLE (ID_PI,NOMBRE,VINCULO,TIPO) VALUES (2,'Mikaela','PROFESOR','SUJETOC');
INSERT INTO PROPIETARIOINMUEBLE (ID_PI,NOMBRE,VINCULO,TIPO) VALUES (3,'Judas IV','PROFESOR','PROPIETARIOI');

INSERT INTO EMPRESA (ID_E,NOMBRE,TIPO) VALUES (1,'Siestas','PERSONANAT');
INSERT INTO EMPRESA (ID_E,NOMBRE,TIPO) VALUES (2,'momilon','PROPIETARIOI');
INSERT INTO EMPRESA (ID_E,NOMBRE,TIPO) VALUES (3,'dormiso','SUJETOC');
INSERT INTO EMPRESA (ID_E,NOMBRE,TIPO) VALUES (4,'mimir','PROPIETARIOI');
INSERT INTO EMPRESA (ID_E,NOMBRE,TIPO) VALUES (5,'hostels','PERSONANAT');
INSERT INTO EMPRESA (ID_E,NOMBRE,TIPO) VALUES (6,'lovely','SUJETOC');

INSERT INTO CLIENTE (ID_CL,NOMBRE,CORREO,CONTRASENIA) VALUES (1,'Michael','michael.com','1357');
INSERT INTO CLIENTE (ID_CL,NOMBRE,CORREO,CONTRASENIA) VALUES (2,'Kuro','kuro.com','2468');
INSERT INTO CLIENTE (ID_CL,NOMBRE,CORREO,CONTRASENIA) VALUES (3,'Bina','bina.com','12358');

--OFERTA DEPENDE DE LAS CLASES ANTERIORES
INSERT INTO OFERTA (ID_O,RESERVADO,ID_CLIENTE,ID_PROPIETARIOI,ID_EMPRESA,ID_HOSTAL,ID_HOTEL,DISPONIBILIDAD) VALUES (1,0,NULL,1,NULL,NULL,NULL,1);
INSERT INTO OFERTA (ID_O,RESERVADO,ID_CLIENTE,ID_PROPIETARIOI,ID_EMPRESA,ID_HOSTAL,ID_HOTEL,DISPONIBILIDAD) VALUES (2,0,NULL,NULL,NULL,NULL,1,1);
INSERT INTO OFERTA (ID_O,RESERVADO,ID_CLIENTE,ID_PROPIETARIOI,ID_EMPRESA,ID_HOSTAL,ID_HOTEL,DISPONIBILIDAD) VALUES (3,1,1,NULL,2,NULL,NULL,1);
INSERT INTO OFERTA (ID_O,RESERVADO,ID_CLIENTE,ID_PROPIETARIOI,ID_EMPRESA,ID_HOSTAL,ID_HOTEL,DISPONIBILIDAD) VALUES (4,1,2,NULL,NULL,2,NULL,1);
INSERT INTO OFERTA (ID_O,RESERVADO,ID_CLIENTE,ID_PROPIETARIOI,ID_EMPRESA,ID_HOSTAL,ID_HOTEL,DISPONIBILIDAD) VALUES (5,1,2,NULL,NULL,2,NULL,1);

INSERT INTO CONTRATO (ID_C,TIPOCONTRATO,FECHAINICIO,DURACION,DURACIONPREPAID,PRECIOESPECIAL,PRECIOFINAL,FECHAPAGO,ID_OFERTA) VALUES
(1,'DIARIO',TO_DATE('4/06/2020', 'DD/MM/YY'),20,7,400,1100,16,1);
INSERT INTO CONTRATO (ID_C,TIPOCONTRATO,FECHAINICIO,DURACION,DURACIONPREPAID,PRECIOESPECIAL,PRECIOFINAL,FECHAPAGO,ID_OFERTA) VALUES
    (2,'ANUAL',TO_DATE('28/02/2021', 'DD/MM/YY'),1,0,0,3200,01,2);
INSERT INTO CONTRATO (ID_C,TIPOCONTRATO,FECHAINICIO,DURACION,DURACIONPREPAID,PRECIOESPECIAL,PRECIOFINAL,FECHAPAGO,ID_OFERTA) VALUES
(3,'MENSUAL',TO_DATE('25/04/2022', 'DD/MM/YY'),6,0,0,3200,30,3);
INSERT INTO CONTRATO (ID_C,TIPOCONTRATO,FECHAINICIO,DURACION,DURACIONPREPAID,PRECIOESPECIAL,PRECIOFINAL,FECHAPAGO,ID_OFERTA) VALUES
(4,'MENSUAL',TO_DATE('14/09/2021', 'DD/MM/YY'),6,0,0,613,05,4);
INSERT INTO CONTRATO (ID_C,TIPOCONTRATO,FECHAINICIO,DURACION,DURACIONPREPAID,PRECIOESPECIAL,PRECIOFINAL,FECHAPAGO,ID_OFERTA) VALUES
(5,'MENSUAL',TO_DATE('14/09/2021', 'DD/MM/YY'),3,0,0,2000,11,4);

INSERT INTO INMUEBLE (ID_I,TIPOI,UBICACION,COSTOADMIN,NUMHABITACIONES,ID_OFERTA) VALUES (1,'VIVIENDA','UBI1',20,2,1);
INSERT INTO INMUEBLE (ID_I,TIPOI,UBICACION,COSTOADMIN,NUMHABITACIONES,ID_OFERTA) VALUES (2,'APARTAMENTO','UBI2',0,2,2);
INSERT INTO INMUEBLE (ID_I,TIPOI,UBICACION,COSTOADMIN,NUMHABITACIONES,ID_OFERTA) VALUES (3,'VIVIENDA','UBI3',70,4,3);

INSERT INTO SEGURO (ID_S,FECHAVENCE,DESCRIPCION,ID_INMUEBLE) VALUES (1,TO_DATE('3/03/2025', 'DD/MM/YY'),'aa',1);
INSERT INTO SEGURO (ID_S,FECHAVENCE,DESCRIPCION,ID_INMUEBLE) VALUES (2,TO_DATE('7/04/2027', 'DD/MM/YY'),'aaa',2);
INSERT INTO SEGURO (ID_S,FECHAVENCE,DESCRIPCION,ID_INMUEBLE) VALUES (3,TO_DATE('21/09/2026', 'DD/MM/YY'),'aaaa',3);

INSERT INTO HABITACION (ID_H,TAMANIO,TIPOH,PRECIOFINAL,UBICACION,ID_OFERTA,ID_CONTRATO,ID_INMUEBLE) VALUES 
(1,80,'SEMISUITE',170,'UBI3',1,1,1);
INSERT INTO HABITACION (ID_H,TAMANIO,TIPOH,PRECIOFINAL,UBICACION,ID_OFERTA,ID_CONTRATO,ID_INMUEBLE) VALUES 
(2,79,'SUITE',221,'UBI4',2,NULL,2);
INSERT INTO HABITACION (ID_H,TAMANIO,TIPOH,PRECIOFINAL,UBICACION,ID_OFERTA,ID_CONTRATO,ID_INMUEBLE) VALUES 
(3,120,'SUITE',99,'UBI5',3,2,3);

INSERT INTO SERVICIO (ID_SH,PRECIO,INCLUIDO,CANTIDAD,NOMBRE) VALUES (1,12,0,3,'BAÑOCOMPARTIDO');
INSERT INTO SERVICIO (ID_SH,PRECIO,INCLUIDO,CANTIDAD,NOMBRE) VALUES (2,23,1,1,'AGUA');
INSERT INTO SERVICIO (ID_SH,PRECIO,INCLUIDO,CANTIDAD,NOMBRE) VALUES (3,90,1,4,'PARQUEADERO');

INSERT INTO BRINDAN (ID_HABITACION,ID_SERVICIO) VALUES (1,1);
INSERT INTO BRINDAN (ID_HABITACION,ID_SERVICIO) VALUES (3,1);
INSERT INTO BRINDAN (ID_HABITACION,ID_SERVICIO) VALUES (3,3);
INSERT INTO BRINDAN (ID_HABITACION,ID_SERVICIO) VALUES (2,2);